Model,Num_Nodes,Num_Edges,Total_Latency_ms,NT_Latency_ms,MP_Latency_ms,Bottleneck_Ratio
GIN,23.012,49.576,1.159555996,0.7076644,0.451891601,0.696091706
GIN-VN,23.012,49.576,0.914027243,0.54744069,0.366586556,0.689879808
GCN,23.012,49.576,2.275189851,1.79260981,0.482580037,0.281161761
GAT,23.012,49.576,3.094210406,2.616499686,0.477710723,0.187607193
PNA,23.012,49.576,5.182809685,1.337201755,3.845607928,3.082119513
DGN,23.012,49.576,1.939368797,1.54732068,0.392048126,0.257438649
