Model,Num_Nodes,Num_Edges,Total_Latency_ms,NT_Latency_ms,MP_Latency_ms,Bottleneck_Ratio
GIN,23.012,49.576,0.22434972,0.1209488,0.10340092,0.860158286
GIN-VN,23.012,49.576,0.21723652,0.1174772,0.09975932,0.853831459
GCN,23.012,49.576,0.50665968,0.31118908,0.1954706,0.628342886
GAT,23.012,49.576,0.80646876,0.58825728,0.21821148,0.36916163
PNA,23.012,49.576,1.00939312,0.29138992,0.7180032,2.516865407
DGN,23.012,49.576,0.52890976,0.32760552,0.20130424,0.61456161
